strategy,direction,entry_price,stop_price,target_price,exit_price,exit_time,entry_time,pnl_per_share,exit_reason,prev_close,today_open,gap_pct,atr,date,shares,gross_pnl,cost,trade_pnl,equity_after,drawdown_pct
gap_fill,long,405.84,401.8343857142857,413.8512285714286,401.8343857142857,2024-01-02 10:49:00-05:00,2024-01-02 09:30:00-05:00,-4.0056,stop,409.52,405.84,-0.008986,4.005614285714297,2024-01-02,12,-48.07,1.46,-49.53,9950.47,0.005
gap_fill,long,399.93,395.5658142857143,408.65837142857146,398.53,2024-01-03 15:45:00-05:00,2024-01-03 09:30:00-05:00,-1.4,eod_close,402.59,399.93,-0.006607,4.36418571428572,2024-01-03,12,-16.8,1.44,-18.24,9932.23,0.0068
gap_fill,long,401.91,397.4200928571429,410.8898142857143,405.09,2024-01-09 15:45:00-05:00,2024-01-09 09:30:00-05:00,3.18,eod_close,404.95,401.91,-0.007507,4.489907142857147,2024-01-09,12,38.16,1.45,36.71,9968.95,0.0031
gap_fill,long,406.17,401.5399357142857,415.4301285714286,406.59,2024-01-17 15:45:00-05:00,2024-01-17 09:30:00-05:00,0.42,eod_close,409.52,406.17,-0.00818,4.6300642857142895,2024-01-17,12,5.04,1.46,3.58,9972.52,0.0027
gap_fill,short,410.52,415.39435,400.7713,413.1,2024-01-18 15:45:00-05:00,2024-01-18 09:30:00-05:00,-2.58,eod_close,407.21,410.52,0.008128,4.874350000000001,2024-01-18,12,-30.96,1.48,-32.44,9940.09,0.006
gap_fill,short,427.44,432.6304214285714,417.05915714285715,426.59,2024-01-24 15:45:00-05:00,2024-01-24 09:30:00-05:00,0.85,eod_close,423.48,427.44,0.009351,5.190421428571426,2024-01-24,11,9.35,1.41,7.94,9948.02,0.0052
gap_fill,long,420.85,415.85815,430.8337,417.45,2024-01-31 15:45:00-05:00,2024-01-31 09:30:00-05:00,-3.4,eod_close,425.3,420.85,-0.010463,4.9918499999999995,2024-01-31,11,-37.4,1.39,-38.79,9909.24,0.0091
gap_fill,short,430.41,435.8726785714286,419.4846428571429,432.205,2024-02-07 15:45:00-05:00,2024-02-07 09:30:00-05:00,-1.795,eod_close,427.59,430.41,0.006595,5.462678571428573,2024-02-07,11,-19.74,1.42,-21.17,9888.07,0.0112
gap_fill,short,431.26,436.65925,420.4615,433.09,2024-02-14 15:45:00-05:00,2024-02-14 09:30:00-05:00,-1.83,eod_close,428.55,431.26,0.006324,5.399250000000003,2024-02-14,11,-20.13,1.42,-21.55,9866.52,0.0133
gap_fill,short,438.23,443.59889285714286,427.4922142857143,438.88,2024-02-29 15:45:00-05:00,2024-02-29 09:30:00-05:00,-0.65,eod_close,435.27,438.23,0.0068,5.368892857142855,2024-02-29,11,-7.15,1.45,-8.6,9857.92,0.0142
gap_fill,long,440.94,435.3400357142857,452.1399285714286,435.3400357142857,2024-03-05 13:40:00-05:00,2024-03-05 09:30:00-05:00,-5.6,stop,444.02,440.94,-0.006937,5.599964285714285,2024-03-05,11,-61.6,1.46,-63.06,9794.87,0.0205
gap_fill,short,440.32,445.9457142857143,429.06857142857143,438.86,2024-03-06 15:45:00-05:00,2024-03-06 09:30:00-05:00,1.46,eod_close,436.05,440.32,0.009792,5.6257142857142854,2024-03-06,11,16.06,1.45,14.61,9809.47,0.0191
gap_fill,short,442.39,448.0757142857143,431.0185714285714,446.08,2024-03-07 15:45:00-05:00,2024-03-07 09:30:00-05:00,-3.69,eod_close,438.79,442.39,0.008204,5.685714285714288,2024-03-07,11,-40.59,1.46,-42.05,9767.42,0.0233
gap_fill,long,436.07,430.40642857142853,447.39714285714285,434.14,2024-03-15 15:45:00-04:00,2024-03-15 09:30:00-04:00,-1.93,eod_close,439.14,436.07,-0.006991,5.6635714285714345,2024-03-15,11,-21.23,1.44,-22.67,9744.75,0.0255
gap_fill,short,438.73,444.69023571428573,426.8095285714286,438.715,2024-03-18 15:45:00-04:00,2024-03-18 09:30:00-04:00,0.015,eod_close,433.92,438.73,0.011085,5.96023571428572,2024-03-18,11,0.16,1.45,-1.28,9743.47,0.0257
gap_fill,short,448.88,455.37487857142855,435.8902428571428,446.4601,2024-03-21 15:45:00-04:00,2024-03-21 09:30:00-04:00,2.4199,eod_close,443.77,448.88,0.011515,6.494878571428578,2024-03-21,10,24.2,1.35,22.85,9766.32,0.0234
gap_fill,short,446.43,452.2380928571429,434.8138142857143,444.57,2024-03-27 15:45:00-04:00,2024-03-27 09:30:00-04:00,1.86,eod_close,443.32,446.43,0.007015,5.808092857142863,2024-03-27,10,18.6,1.34,17.26,9783.58,0.0216
gap_fill,long,440.09,435.04619285714284,450.1776142857143,440.96,2024-04-02 15:45:00-04:00,2024-04-02 09:30:00-04:00,0.87,eod_close,444.95,440.09,-0.010923,5.043807142857149,2024-04-02,11,9.57,1.45,8.12,9791.7,0.0208
gap_fill,short,446.33,451.36452142857144,436.26095714285714,436.26095714285714,2024-04-04 15:28:00-04:00,2024-04-04 09:30:00-04:00,10.069,target,442.1,446.33,0.009568,5.034521428571436,2024-04-04,10,100.69,1.34,99.35,9891.05,0.0109
gap_fill,long,437.0,431.6825,447.635,438.52,2024-04-10 15:45:00-04:00,2024-04-10 09:30:00-04:00,1.52,eod_close,442.23,437.0,-0.011826,5.317500000000008,2024-04-10,11,16.72,1.44,15.28,9906.33,0.0094
gap_fill,long,441.1,435.58964285714285,452.1207142857143,438.46,2024-04-12 15:45:00-04:00,2024-04-12 09:30:00-04:00,-2.64,eod_close,445.37,441.1,-0.009588,5.510357142857154,2024-04-12,11,-29.04,1.46,-30.5,9875.84,0.0124
gap_fill,short,442.06,447.96250000000003,430.255,430.255,2024-04-15 15:17:00-04:00,2024-04-15 09:30:00-04:00,11.805,target,438.27,442.06,0.008648,5.902500000000011,2024-04-15,11,129.85,1.46,128.4,10004.23,0.0
gap_fill,short,460.57,464.72329285714284,452.26341428571425,452.26341428571425,2024-05-23 14:51:00-04:00,2024-05-23 09:30:00-04:00,8.3066,target,455.71,460.57,0.010665,4.153292857142865,2024-05-23,10,83.07,1.38,81.68,10085.92,0.0
gap_fill,long,455.48,451.28297142857144,463.87405714285717,457.12,2024-05-29 15:45:00-04:00,2024-05-29 09:30:00-04:00,1.64,eod_close,459.68,455.48,-0.009137,4.197028571428575,2024-05-29,11,18.04,1.5,16.54,10102.45,0.0
gap_fill,short,454.57,459.4180285714286,444.8739428571428,451.5,2024-06-03 15:45:00-04:00,2024-06-03 09:30:00-04:00,3.07,eod_close,450.71,454.57,0.008564,4.848028571428578,2024-06-03,11,33.77,1.5,32.27,10134.72,0.0
gap_fill,short,457.98,463.2336642857143,447.47267142857146,462.56,2024-06-05 15:45:00-04:00,2024-06-05 09:30:00-04:00,-4.58,eod_close,454.37,457.98,0.007945,5.253664285714292,2024-06-05,11,-50.38,1.51,-51.89,10082.83,0.0051
gap_fill,short,471.99,477.6015142857143,460.7669714285714,473.18,2024-06-12 15:45:00-04:00,2024-06-12 09:30:00-04:00,-1.19,eod_close,468.02,471.99,0.008483,5.611514285714297,2024-06-12,10,-11.9,1.42,-13.32,10069.52,0.0064
gap_fill,short,477.72,483.67008571428573,465.81982857142856,477.0,2024-06-13 15:45:00-04:00,2024-06-13 09:30:00-04:00,0.72,eod_close,474.15,477.72,0.007529,5.950085714285726,2024-06-13,10,7.2,1.43,5.77,10075.28,0.0059
gap_fill,short,485.52,492.30892857142857,471.9421428571428,479.98,2024-07-18 15:45:00-04:00,2024-07-18 09:30:00-04:00,5.54,eod_close,481.77,485.52,0.007784,6.788928571428572,2024-07-18,10,55.4,1.46,53.94,10129.23,0.0005
gap_fill,short,481.17,488.29107142857146,466.92785714285714,482.8525,2024-07-22 15:45:00-04:00,2024-07-22 09:30:00-04:00,-1.6825,eod_close,475.24,481.17,0.012478,7.121071428571428,2024-07-22,10,-16.83,1.44,-18.27,10110.96,0.0023
gap_fill,long,473.82,466.74142857142857,487.97714285714284,466.74142857142857,2024-07-24 12:03:00-04:00,2024-07-24 09:30:00-04:00,-7.0786,stop,480.62,473.82,-0.014148,7.0785714285714265,2024-07-24,10,-70.79,1.42,-72.21,10038.75,0.0095
gap_fill,short,462.66,471.16071428571433,445.65857142857146,463.07,2024-07-26 15:45:00-04:00,2024-07-26 09:30:00-04:00,-0.41,eod_close,458.27,462.66,0.00958,8.500714285714285,2024-07-26,10,-4.1,1.39,-5.49,10033.26,0.01
gap_fill,short,475.04,482.81162142857147,459.4967571428572,474.13,2024-08-30 15:45:00-04:00,2024-08-30 09:30:00-04:00,0.91,eod_close,470.66,475.04,0.009306,7.771621428571434,2024-08-30,10,9.1,1.43,7.67,10040.94,0.0093
gap_fill,short,453.04,461.49563571428575,436.1287285714286,453.4,2024-09-09 15:45:00-04:00,2024-09-09 09:30:00-04:00,-0.36,eod_close,448.69,453.04,0.009695,8.455635714285709,2024-09-09,11,-3.96,1.5,-5.46,10035.48,0.0098
gap_fill,short,487.45,494.0960714285714,474.15785714285715,486.89,2024-10-04 15:45:00-04:00,2024-10-04 09:30:00-04:00,0.56,eod_close,481.59,487.45,0.012168,6.646071428571422,2024-10-04,10,5.6,1.46,4.14,10039.62,0.0094
gap_fill,short,496.42,502.7010714285714,483.85785714285714,491.78,2024-10-17 15:45:00-04:00,2024-10-17 09:30:00-04:00,4.64,eod_close,490.91,496.42,0.011224,6.281071428571429,2024-10-17,10,46.4,1.49,44.91,10084.53,0.005
gap_fill,short,492.11,498.2660714285714,479.79785714285714,492.4,2024-10-24 15:45:00-04:00,2024-10-24 09:30:00-04:00,-0.29,eod_close,488.36,492.11,0.007679,6.156071428571424,2024-10-24,10,-2.9,1.48,-4.38,10080.15,0.0054
gap_fill,short,498.46,504.6060714285714,486.16785714285714,496.03,2024-10-28 15:45:00-04:00,2024-10-28 09:30:00-04:00,2.43,eod_close,495.32,498.46,0.006339,6.146071428571422,2024-10-28,10,24.3,1.5,22.8,10102.96,0.0031
gap_fill,long,492.37,486.45464285714286,504.20071428571424,486.45464285714286,2024-10-31 10:39:00-04:00,2024-10-31 09:30:00-04:00,-5.9154,stop,496.38,492.37,-0.008078,5.915357142857131,2024-10-31,10,-59.15,1.48,-60.63,10042.33,0.0091
gap_fill,long,502.94,496.37545,516.0691,496.37545,2024-11-15 11:58:00-05:00,2024-11-15 09:30:00-05:00,-6.5645,stop,508.69,502.94,-0.011304,6.564550000000009,2024-11-15,9,-59.08,1.36,-60.44,9981.89,0.0151
gap_fill,short,509.9,516.9418642857142,495.8162714285714,506.11,2024-11-25 15:45:00-05:00,2024-11-25 09:30:00-05:00,3.79,eod_close,505.79,509.9,0.008126,7.041864285714297,2024-11-25,9,34.11,1.38,32.73,10014.62,0.0119
gap_fill,short,520.32,526.7649,507.43020000000007,523.235,2024-12-04 15:45:00-05:00,2024-12-04 09:30:00-05:00,-2.915,eod_close,516.87,520.32,0.006675,6.444899999999994,2024-12-04,9,-26.23,1.4,-27.64,9986.98,0.0146
gap_fill,short,524.98,530.6367785714286,513.6664428571429,530.26,2024-12-11 15:45:00-05:00,2024-12-11 09:30:00-05:00,-5.28,eod_close,520.6,524.98,0.008413,5.656778571428573,2024-12-11,9,-47.52,1.42,-48.94,9938.04,0.0194
gap_fill,short,530.46,535.9442785714286,519.4914428571429,530.6307,2024-12-13 15:45:00-05:00,2024-12-13 09:30:00-05:00,-0.1707,eod_close,526.5,530.46,0.007521,5.484278571428571,2024-12-13,9,-1.54,1.43,-2.97,9935.08,0.0197
gap_fill,short,521.19,528.0547071428572,507.46058571428574,515.66,2024-12-19 15:45:00-05:00,2024-12-19 09:30:00-05:00,5.53,eod_close,516.47,521.19,0.009139,6.864707142857144,2024-12-19,9,49.77,1.41,48.36,9983.44,0.0149
gap_fill,long,510.44,503.3688714285714,524.5822571428571,524.5822571428571,2024-12-20 12:28:00-05:00,2024-12-20 09:30:00-05:00,14.1423,target,514.17,510.44,-0.007254,7.071128571428574,2024-12-20,9,127.28,1.38,125.9,10109.34,0.0025
gap_fill,long,515.51,506.86600714285714,532.7979857142857,517.16,2024-12-30 15:45:00-05:00,2024-12-30 09:30:00-05:00,1.65,eod_close,522.56,515.51,-0.013491,8.64399285714286,2024-12-30,9,14.85,1.39,13.46,10122.8,0.0012
gap_fill,short,524.02,533.5986642857142,504.8626714285714,523.645,2025-01-06 15:45:00-05:00,2025-01-06 09:30:00-05:00,0.375,eod_close,518.58,524.02,0.01049,9.578664285714284,2025-01-06,9,3.38,1.41,1.96,10124.76,0.001
gap_fill,long,501.2,491.7246285714286,520.1507428571429,504.58,2025-01-13 15:45:00-05:00,2025-01-13 09:30:00-05:00,3.38,eod_close,507.19,501.2,-0.01181,9.47537142857142,2025-01-13,10,33.8,1.5,32.3,10157.06,0.0
gap_fill,short,529.57,538.8602500000001,510.9895000000001,532.0,2025-01-22 15:45:00-05:00,2025-01-22 09:30:00-05:00,-2.43,eod_close,524.8,529.57,0.009089,9.29024999999999,2025-01-22,9,-21.87,1.43,-23.3,10133.76,0.0023
gap_fill,short,527.25,535.6851928571429,510.3796142857143,529.3305,2025-02-10 15:45:00-05:00,2025-02-10 09:30:00-05:00,-2.0805,eod_close,522.92,527.25,0.00828,8.435192857142848,2025-02-10,9,-18.72,1.42,-20.15,10113.61,0.0043
gap_fill,long,522.29,514.0978714285715,538.6742571428571,527.9999,2025-02-12 15:45:00-05:00,2025-02-12 09:30:00-05:00,5.7099,eod_close,527.99,522.29,-0.010796,8.192128571428542,2025-02-12,9,51.39,1.41,49.98,10163.59,0.0
gap_fill,short,487.74,499.9039285714286,463.4121428571429,490.57,2025-03-24 15:45:00-04:00,2025-03-24 09:30:00-04:00,-2.83,eod_close,480.84,487.74,0.01435,12.163928571428569,2025-03-24,10,-28.3,1.46,-29.76,10133.82,0.0029
gap_fill,long,461.92,452.3028642857143,481.15427142857146,468.9,2025-03-31 15:45:00-04:00,2025-03-31 09:30:00-04:00,6.98,eod_close,468.94,461.92,-0.01497,9.61713571428571,2025-03-31,10,69.8,1.39,68.41,10202.24,0.0
gap_fill,long,466.12,456.46822142857144,485.42355714285713,476.6147,2025-04-02 15:45:00-04:00,2025-04-02 09:30:00-04:00,10.4947,eod_close,472.7,466.12,-0.01392,9.651778571428569,2025-04-02,10,104.95,1.4,103.55,10305.79,0.0
gap_fill,long,479.56,468.1712642857143,502.3374714285714,483.72,2025-05-06 15:45:00-04:00,2025-05-06 09:30:00-04:00,4.16,eod_close,485.93,479.56,-0.013109,11.388735714285714,2025-05-06,10,41.6,1.44,40.16,10345.95,0.0
gap_fill,long,514.3,505.48319999999995,531.9336,520.8398,2025-05-19 15:45:00-04:00,2025-05-19 09:30:00-04:00,6.5398,eod_close,521.51,514.3,-0.013825,8.816799999999992,2025-05-19,10,65.4,1.54,63.86,10409.8,0.0
gap_fill,short,516.15,524.3779214285714,499.69415714285714,520.38,2025-05-27 15:45:00-04:00,2025-05-27 09:30:00-04:00,-4.23,eod_close,509.24,516.15,0.013569,8.22792142857143,2025-05-27,10,-42.3,1.55,-43.85,10365.95,0.0042
gap_fill,short,526.32,534.6194928571429,509.7210142857143,519.65,2025-05-29 15:45:00-04:00,2025-05-29 09:30:00-04:00,6.67,eod_close,518.91,526.32,0.01428,8.299492857142853,2025-05-29,9,60.03,1.42,58.61,10424.56,0.0
gap_fill,short,530.0,537.6636142857143,514.6727714285714,530.49,2025-06-06 15:45:00-04:00,2025-06-06 09:30:00-04:00,-0.49,eod_close,524.79,530.0,0.009928,7.663614285714289,2025-06-06,9,-4.41,1.43,-5.84,10418.72,0.0006
gap_fill,long,527.67,520.6189714285714,541.7720571428571,525.98,2025-06-13 15:45:00-04:00,2025-06-13 09:30:00-04:00,-1.69,eod_close,533.66,527.67,-0.011224,7.051028571428568,2025-06-13,9,-15.21,1.42,-16.63,10402.09,0.0022
gap_fill,short,530.51,537.5260285714286,516.4779428571428,534.19,2025-06-16 15:45:00-04:00,2025-06-16 09:30:00-04:00,-3.68,eod_close,526.96,530.51,0.006737,7.0160285714285635,2025-06-16,9,-33.12,1.43,-34.55,10367.54,0.0055
gap_fill,short,532.26,538.7774571428571,519.2250857142857,526.05,2025-06-20 15:45:00-04:00,2025-06-20 09:30:00-04:00,6.21,eod_close,528.99,532.26,0.006182,6.5174571428571335,2025-06-20,9,55.89,1.44,54.45,10421.99,0.0002
gap_fill,short,536.9,543.4867428571429,523.7265142857143,539.88,2025-06-24 15:45:00-04:00,2025-06-24 09:30:00-04:00,-2.98,eod_close,531.65,536.9,0.009875,6.586742857142846,2025-06-24,9,-26.82,1.45,-28.27,10393.72,0.003
gap_fill,short,560.26,565.6421428571429,549.4957142857143,557.9701,2025-07-15 15:45:00-04:00,2025-07-15 09:30:00-04:00,2.2899,eod_close,556.21,560.26,0.007281,5.382142857142859,2025-07-15,9,20.61,1.51,19.1,10412.82,0.0011
gap_fill,short,570.77,575.4722285714286,561.3655428571428,567.31,2025-07-29 15:45:00-04:00,2025-07-29 09:30:00-04:00,3.46,eod_close,568.14,570.77,0.004629,4.702228571428561,2025-07-29,9,31.14,1.54,29.6,10442.41,0.0
gap_fill,short,574.54,579.3358,564.9484,564.9484,2025-07-31 14:15:00-04:00,2025-07-31 09:30:00-04:00,9.5916,target,568.02,574.54,0.011478,4.795800000000002,2025-07-31,9,86.32,1.55,84.77,10527.19,0.0
gap_fill,long,558.85,553.5527714285714,569.4444571428571,553.5527714285714,2025-08-01 09:49:00-04:00,2025-08-01 09:30:00-04:00,-5.2972,stop,565.01,558.85,-0.010902,5.297228571428572,2025-08-01,9,-47.67,1.51,-49.18,10478.0,0.0047
gap_fill,short,559.05,564.9197285714285,547.3105428571428,563.3999,2025-08-04 15:45:00-04:00,2025-08-04 09:30:00-04:00,-4.3499,eod_close,553.88,559.05,0.009334,5.869728571428571,2025-08-04,9,-39.15,1.51,-40.66,10437.34,0.0085
gap_fill,short,571.67,577.9979928571428,559.0140142857142,568.01,2025-08-07 15:45:00-04:00,2025-08-07 09:30:00-04:00,3.66,eod_close,567.32,571.67,0.007668,6.327992857142866,2025-08-07,9,32.94,1.54,31.4,10468.74,0.0056
gap_fill,short,569.29,575.5718928571428,556.7262142857143,568.79,2025-09-03 15:45:00-04:00,2025-09-03 09:30:00-04:00,0.5,eod_close,565.62,569.29,0.006488,6.28189285714285,2025-09-03,9,4.5,1.54,2.96,10471.7,0.0053
gap_fill,short,580.48,587.0690428571429,567.3019142857142,575.35,2025-09-05 15:45:00-04:00,2025-09-05 09:30:00-04:00,5.13,eod_close,575.23,580.48,0.009127,6.589042857142862,2025-09-05,9,46.17,1.57,44.6,10516.31,0.001
gap_fill,short,594.91,600.905,582.92,595.56,2025-09-18 15:45:00-04:00,2025-09-18 09:30:00-04:00,-0.65,eod_close,590.0,594.91,0.008322,5.9950000000000205,2025-09-18,8,-5.2,1.43,-6.63,10509.68,0.0017
gap_fill,long,592.2,586.7367857142858,603.1264285714286,592.87,2025-09-25 15:45:00-04:00,2025-09-25 09:30:00-04:00,0.67,eod_close,596.1,592.2,-0.006543,5.463214285714287,2025-09-25,8,5.36,1.42,3.94,10513.62,0.0013
gap_fill,short,599.11,604.4639285714286,588.4021428571428,598.51,2025-09-29 15:45:00-04:00,2025-09-29 09:30:00-04:00,0.6,eod_close,595.97,599.11,0.005269,5.3539285714285665,2025-09-29,8,4.8,1.44,3.36,10516.98,0.001
gap_fill,long,597.18,591.7139285714286,608.1121428571428,603.1356,2025-10-01 15:45:00-04:00,2025-10-01 09:30:00-04:00,5.9556,eod_close,600.37,597.18,-0.005313,5.466071428571411,2025-10-01,8,47.64,1.43,46.21,10563.19,0.0
gap_fill,short,607.06,612.7596428571428,595.6607142857142,605.835,2025-10-02 15:45:00-04:00,2025-10-02 09:30:00-04:00,1.225,eod_close,603.25,607.06,0.006316,5.699642857142838,2025-10-02,8,9.8,1.46,8.34,10571.53,0.0
gap_fill,short,608.43,614.2196785714285,596.8506428571428,608.31,2025-10-06 15:45:00-04:00,2025-10-06 09:30:00-04:00,0.12,eod_close,603.18,608.43,0.008704,5.789678571428559,2025-10-06,8,0.96,1.46,-0.5,10571.03,0.0
gap_fill,long,595.3,587.4785357142856,610.9429285714285,596.84,2025-10-14 15:45:00-04:00,2025-10-14 09:30:00-04:00,1.54,eod_close,602.01,595.3,-0.011146,7.821464285714293,2025-10-14,8,12.32,1.43,10.89,10581.93,0.0
gap_fill,short,604.01,612.2614642857143,587.5070714285714,601.77,2025-10-15 15:45:00-04:00,2025-10-15 09:30:00-04:00,2.24,eod_close,598.0,604.01,0.01005,8.2514642857143,2025-10-15,8,17.92,1.45,16.47,10598.4,0.0
gap_fill,short,615.99,625.8386642857143,596.2926714285715,617.98,2025-10-24 15:45:00-04:00,2025-10-24 09:30:00-04:00,-1.99,eod_close,610.58,615.99,0.00886,9.848664285714303,2025-10-24,8,-15.92,1.48,-17.4,10581.0,0.0016
gap_fill,short,624.51,634.4772357142857,604.5755285714285,627.49,2025-10-27 15:45:00-04:00,2025-10-27 09:30:00-04:00,-2.98,eod_close,617.1,624.51,0.012008,9.96723571428572,2025-10-27,8,-23.84,1.5,-25.34,10555.66,0.004
gap_fill,short,634.2,643.62795,615.3441,631.085,2025-10-31 15:45:00-04:00,2025-10-31 09:30:00-04:00,3.115,eod_close,626.05,634.2,0.013018,9.427949999999985,2025-10-31,8,24.92,1.52,23.4,10579.06,0.0018
gap_fill,short,635.12,644.1693785714285,617.0212428571429,631.975,2025-11-03 15:45:00-05:00,2025-11-03 09:30:00-05:00,3.145,eod_close,629.07,635.12,0.009617,9.04937857142856,2025-11-03,8,25.16,1.52,23.64,10602.69,0.0
gap_fill,long,623.28,614.6456214285714,640.5487571428571,620.72,2025-11-04 15:45:00-05:00,2025-11-04 09:30:00-05:00,-2.56,eod_close,632.08,623.28,-0.013922,8.634378571428556,2025-11-04,8,-20.48,1.5,-21.98,10580.72,0.0021
gap_fill,long,599.55,589.4889285714286,619.6721428571428,609.31,2025-11-14 15:45:00-05:00,2025-11-14 09:30:00-05:00,9.76,eod_close,608.4,599.55,-0.014546,10.061071428571422,2025-11-14,8,78.08,1.44,76.64,10657.36,0.0
gap_fill,short,618.39,626.7700142857143,601.6299714285714,611.041,2025-12-15 15:45:00-05:00,2025-12-15 09:30:00-05:00,7.349,eod_close,613.62,618.39,0.007774,8.380014285714294,2025-12-15,8,58.79,1.48,57.31,10714.67,0.0
gap_fill,short,621.36,629.8314214285714,604.4171571428571,619.19,2025-12-22 15:45:00-05:00,2025-12-22 09:30:00-05:00,2.17,eod_close,617.05,621.36,0.006985,8.471421428571423,2025-12-22,8,17.36,1.49,15.87,10730.53,0.0
gap_fill,short,620.09,627.4049928571428,605.4600142857144,613.2973,2026-01-02 15:45:00-05:00,2026-01-02 09:30:00-05:00,6.7927,eod_close,614.31,620.09,0.009409,7.31499285714284,2026-01-02,8,54.34,1.49,52.85,10783.39,0.0
gap_fill,short,619.3,626.815707142857,604.2685857142857,618.56,2026-01-05 15:45:00-05:00,2026-01-05 09:30:00-05:00,0.74,eod_close,613.12,619.3,0.01008,7.5157071428571305,2026-01-05,8,5.92,1.49,4.43,10787.82,0.0
gap_fill,long,622.3,616.3313357142856,634.2373285714285,627.85,2026-01-12 15:45:00-05:00,2026-01-12 09:30:00-05:00,5.55,eod_close,626.65,622.3,-0.006942,5.968664285714291,2026-01-12,8,44.4,1.49,42.91,10830.73,0.0
gap_fill,long,622.24,616.3249071428571,634.0701857142857,616.3249071428571,2026-01-14 10:48:00-05:00,2026-01-14 09:30:00-05:00,-5.9151,stop,626.24,622.24,-0.006387,5.915092857142862,2026-01-14,8,-47.32,1.49,-48.81,10781.91,0.0045
gap_fill,short,626.61,633.0286642857143,613.7726714285715,621.645,2026-01-15 15:45:00-05:00,2026-01-15 09:30:00-05:00,4.965,eod_close,619.55,626.61,0.011395,6.4186642857142955,2026-01-15,8,39.72,1.5,38.22,10820.13,0.001
gap_fill,short,625.51,632.4922357142857,611.5455285714286,621.54,2026-01-16 15:45:00-05:00,2026-01-16 09:30:00-05:00,3.97,eod_close,621.78,625.51,0.005999,6.982235714285731,2026-01-16,8,31.76,1.5,30.26,10850.39,0.0
gap_fill,short,622.36,631.0184142857144,605.0431714285714,619.86,2026-01-22 15:45:00-05:00,2026-01-22 09:30:00-05:00,2.5,eod_close,616.28,622.36,0.009866,8.658414285714311,2026-01-22,8,20.0,1.49,18.51,10868.89,0.0
gap_fill,short,635.46,643.5949357142857,619.1901285714285,633.215,2026-01-28 15:45:00-05:00,2026-01-28 09:30:00-05:00,2.245,eod_close,631.13,635.46,0.006861,8.134935714285737,2026-01-28,8,17.96,1.53,16.43,10885.33,0.0
gap_fill,long,600.21,589.8298857142858,620.9702285714286,596.36,2026-02-05 15:45:00-05:00,2026-02-05 09:30:00-05:00,-3.85,eod_close,605.75,600.21,-0.009146,10.380114285714285,2026-02-05,9,-34.65,1.62,-36.27,10849.06,0.0033
gap_fill,long,602.98,592.6631357142858,623.6137285714286,606.1201,2026-02-27 15:45:00-05:00,2026-02-27 09:30:00-05:00,3.1401,eod_close,609.24,602.98,-0.010275,10.316864285714278,2026-02-27,8,25.12,1.45,23.67,10872.73,0.0012
gap_fill,long,598.88,589.0867071428571,618.4665857142857,607.8,2026-03-02 15:45:00-05:00,2026-03-02 09:30:00-05:00,8.92,eod_close,607.29,598.88,-0.013848,9.793292857142847,2026-03-02,9,80.28,1.62,78.66,10951.4,0.0
gap_fill,long,600.31,590.053857142857,620.8222857142856,600.31,2026-03-06 15:45:00-05:00,2026-03-06 09:30:00-05:00,0.0,eod_close,608.91,600.31,-0.014124,10.25614285714285,2026-03-06,9,0.0,1.62,-1.62,10949.78,0.0001
gap_fill,long,594.2,583.9067142857143,614.7865714285714,606.96,2026-03-09 15:45:00-04:00,2026-03-09 09:30:00-04:00,12.76,eod_close,599.75,594.2,-0.009254,10.293285714285698,2026-03-09,9,114.84,1.6,113.24,11063.01,0.0
gap_fill,short,600.04,610.9957071428571,578.1285857142857,599.876,2026-03-16 15:45:00-04:00,2026-03-16 09:30:00-04:00,0.164,eod_close,593.72,600.04,0.010645,10.955707142857127,2026-03-16,9,1.48,1.62,-0.14,11062.87,0.0
gap_fill,long,589.51,579.0192928571429,610.4914142857142,593.18,2026-03-19 15:45:00-04:00,2026-03-19 09:30:00-04:00,3.67,eod_close,594.9,589.51,-0.00906,10.49070714285713,2026-03-19,9,33.03,1.59,31.44,11094.31,0.0
gap_fill,short,590.52,601.3121357142857,568.9357285714286,590.665,2026-03-23 15:45:00-04:00,2026-03-23 09:30:00-04:00,-0.145,eod_close,582.06,590.52,0.014535,10.792135714285703,2026-03-23,9,-1.3,1.59,-2.9,11091.41,0.0003
gap_fill,short,589.14,599.3299928571429,568.7600142857143,586.98,2026-03-25 15:45:00-04:00,2026-03-25 09:30:00-04:00,2.16,eod_close,583.98,589.14,0.008836,10.189992857142856,2026-03-25,9,19.44,1.59,17.85,11109.25,0.0
gap_fill,long,582.59,572.62215,602.5257,574.22,2026-03-26 15:45:00-04:00,2026-03-26 09:30:00-04:00,-8.37,eod_close,587.82,582.59,-0.008897,9.967849999999999,2026-03-26,9,-75.33,1.57,-76.9,11032.35,0.0069
gap_fill,short,564.29,574.4485642857143,543.9728714285714,574.4485642857143,2026-03-31 12:41:00-04:00,2026-03-31 09:30:00-04:00,-10.1586,stop,558.28,564.29,0.010765,10.15856428571429,2026-03-31,9,-91.43,1.52,-92.95,10939.4,0.0153
gap_fill,short,650.15,660.4574214285714,629.5351571428571,654.42,2026-04-22 15:45:00-04:00,2026-04-22 09:30:00-04:00,-4.27,eod_close,644.33,650.15,0.009033,10.307421428571429,2026-04-22,8,-34.16,1.56,-35.72,10903.68,0.0185
gap_fill,short,658.51,668.6539214285714,638.2221571428571,663.49,2026-04-24 15:45:00-04:00,2026-04-24 09:30:00-04:00,-4.98,eod_close,651.42,658.51,0.010884,10.14392142857142,2026-04-24,8,-39.84,1.58,-41.42,10862.26,0.0222
gap_fill,long,657.46,647.2925,677.795,657.88,2026-04-28 15:45:00-04:00,2026-04-28 09:30:00-04:00,0.42,eod_close,664.23,657.46,-0.010192,10.167499999999986,2026-04-28,8,3.36,1.58,1.78,10864.04,0.0221
gap_fill,short,677.97,686.7260785714286,660.4578428571429,682.04,2026-05-05 15:45:00-04:00,2026-05-05 09:30:00-04:00,-4.07,eod_close,672.88,677.97,0.007564,8.75607857142858,2026-05-05,8,-32.56,1.63,-34.19,10829.86,0.0252
gap_fill,short,687.75,696.5248928571428,670.2002142857143,694.76,2026-05-06 15:45:00-04:00,2026-05-06 09:30:00-04:00,-7.01,eod_close,681.61,687.75,0.009008,8.77489285714287,2026-05-06,7,-49.07,1.44,-50.51,10779.34,0.0297
gap_fill,short,699.92,709.2188214285713,681.3223571428571,709.2188214285713,2026-05-08 13:01:00-04:00,2026-05-08 09:30:00-04:00,-9.2988,stop,694.94,699.92,0.007166,9.298821428571443,2026-05-08,7,-65.09,1.47,-66.56,10712.78,0.0357
gap_fill,long,708.2,698.3547500000001,727.8905000000001,698.3547500000001,2026-05-12 12:32:00-04:00,2026-05-12 09:30:00-04:00,-9.8452,stop,713.29,708.2,-0.007136,9.845250000000012,2026-05-12,7,-68.92,1.49,-70.4,10642.38,0.042
gap_fill,long,710.15,700.2483214285714,729.9533571428572,710.37,2026-05-15 15:45:00-04:00,2026-05-15 09:30:00-04:00,0.22,eod_close,719.79,710.15,-0.013393,9.901678571428574,2026-05-15,7,1.54,1.49,0.05,10642.42,0.042
gap_fill,long,699.84,688.9883214285715,721.5433571428572,701.45,2026-05-19 15:45:00-04:00,2026-05-19 09:30:00-04:00,1.61,eod_close,705.88,699.84,-0.008557,10.851678571428579,2026-05-19,7,11.27,1.47,9.8,10652.22,0.0411
gap_fill,short,725.96,737.4038142857144,703.0723714285715,730.47,2026-05-26 15:45:00-04:00,2026-05-26 09:30:00-04:00,-4.51,eod_close,717.54,725.96,0.011735,11.443814285714284,2026-05-26,7,-31.57,1.52,-33.09,10619.13,0.0441
