direction,entry_price,stop_price,target_price,exit_price,exit_time,entry_time,pnl_per_share,exit_reason,or_high,or_low,range_pct,atr,vwap_at_entry,rvol_at_entry,candle_strength,filters_passed,date,shares,gross_pnl,cost,trade_pnl,equity_after,drawdown_pct
short,420.2,427.687775,405.22445,417.45,2024-01-31 15:45:00-05:00,2024-01-31 09:40:00-05:00,2.75,eod_close,421.53,420.2,0.00316,4.9918499999999995,420.8052825501902,0.8553056984274428,0.7433962264151429,candle_strength,2024-01-31,20,55.0,2.52,52.48,10052.48,0.0
long,424.11,416.34241071428573,439.6451785714286,429.66,2024-02-02 15:45:00-05:00,2024-02-02 09:35:00-05:00,5.55,eod_close,424.11,422.79,0.003117,5.178392857142858,423.60595877199177,0.5831380390530174,0.7251013009170781,candle_strength,2024-02-02,19,105.45,2.42,103.03,10155.51,0.0
short,428.26,436.4542321428571,411.87153571428576,426.64,2024-02-20 15:45:00-05:00,2024-02-20 09:36:00-05:00,1.62,eod_close,430.08,428.26,0.004241,5.462821428571426,429.1238950347332,0.7166843202442217,1.0,candle_strength,2024-02-20,18,29.16,2.31,26.85,10182.36,0.0
long,435.05,426.8043392857143,451.5413214285714,438.57,2024-02-22 15:45:00-05:00,2024-02-22 09:45:00-05:00,3.52,eod_close,435.05,433.71,0.003085,5.497107142857142,434.30978983168825,1.3280401780006095,0.9290322580645053,candle_strength,2024-02-22,18,63.36,2.35,61.01,10243.37,0.0
short,438.6,447.7660714285715,420.2678571428571,443.615,2024-03-12 15:45:00-04:00,2024-03-12 09:35:00-04:00,-5.015,eod_close,440.4,438.6,0.004096,6.110714285714287,439.53772882561896,1.0574467325655388,0.9305555555556159,candle_strength,2024-03-12,16,-80.24,2.11,-82.35,10161.02,0.008
short,445.19,453.90213928571427,427.76572142857145,444.57,2024-03-27 15:45:00-04:00,2024-03-27 09:35:00-04:00,0.62,eod_close,446.54,445.19,0.003028,5.808092857142863,445.8427783091714,0.5856073259865272,0.8888888888888362,candle_strength,2024-03-27,17,10.54,2.27,8.27,10169.29,0.0072
long,446.19,438.7239321428571,461.1221357142858,444.65,2024-04-01 15:45:00-04:00,2024-04-01 09:35:00-04:00,-1.54,eod_close,446.19,444.55,0.003682,4.977378571428578,445.37833046236017,0.9503813278021479,0.6190476190476921,candle_strength,2024-04-01,20,-30.8,2.68,-33.48,10135.82,0.0105
short,425.31,435.41035714285715,405.1092857142857,424.02,2024-04-18 15:45:00-04:00,2024-04-18 09:35:00-04:00,1.29,eod_close,426.61,425.31,0.003052,6.733571428571439,425.8076866419341,0.999615336337759,1.0,candle_strength,2024-04-18,15,19.35,1.91,17.44,10153.25,0.0088
long,428.58,417.8142857142857,450.1114285714286,431.65,2024-04-26 15:45:00-04:00,2024-04-26 09:35:00-04:00,3.07,eod_close,428.58,426.92,0.003881,7.17714285714287,427.9731092502268,1.1490789748291896,0.9399879975994638,candle_strength,2024-04-26,14,42.98,1.8,41.18,10194.43,0.0048
short,424.39,435.8178571428571,401.5342857142857,426.36,2024-05-02 15:45:00-04:00,2024-05-02 09:35:00-04:00,-1.97,eod_close,425.76,424.39,0.003223,7.6185714285714345,424.8631533110016,0.8536191850441802,0.9166666666666272,candle_strength,2024-05-02,13,-25.61,1.66,-27.27,10167.17,0.0074
long,472.84,464.42272857142854,489.67454285714285,473.18,2024-06-12 15:45:00-04:00,2024-06-12 09:38:00-04:00,0.34,eod_close,472.84,471.29,0.003283,5.611514285714297,472.16101844175444,0.6573882989738573,0.681159420289953,candle_strength,2024-06-12,18,6.12,2.55,3.57,10170.73,0.0071
long,481.675,474.27210357142854,496.48079285714294,481.26,2024-06-27 15:45:00-04:00,2024-06-27 09:35:00-04:00,-0.415,eod_close,481.675,480.12,0.003234,4.9352642857142985,481.0028783820478,0.4240569920588805,0.9459459459459958,candle_strength,2024-06-27,20,-8.3,2.89,-11.19,10159.54,0.0082
long,481.75,473.39728214285714,498.4554357142857,486.078,2024-07-02 15:45:00-04:00,2024-07-02 09:37:00-04:00,4.328,eod_close,481.75,480.28,0.003056,5.568478571428581,481.09974240868377,0.8883869533933455,0.9496855345911702,candle_strength,2024-07-02,18,77.9,2.6,75.3,10234.85,0.0008
long,481.28,470.5983928571428,502.6432142857143,482.8525,2024-07-22 15:45:00-04:00,2024-07-22 09:38:00-04:00,1.5725,eod_close,481.28,479.44,0.00383,7.121071428571428,480.37375889468177,0.9565707377964117,0.8727272727272647,candle_strength,2024-07-22,14,22.02,2.02,19.99,10254.84,0.0
short,472.43,483.04785714285714,451.19428571428574,465.01,2024-07-24 15:45:00-04:00,2024-07-24 09:35:00-04:00,7.42,eod_close,474.19,472.43,0.003718,7.0785714285714265,473.3920609534404,0.6988256989412177,0.8473799126637245,candle_strength,2024-07-24,14,103.88,1.98,101.9,10356.74,0.0
short,461.81,473.83785714285716,437.7542857142857,461.39,2024-07-25 15:45:00-04:00,2024-07-25 09:35:00-04:00,0.42,eod_close,463.95,461.81,0.004623,8.018571428571429,462.74244907024405,0.7019058380529105,0.9553218180063934,candle_strength,2024-07-25,12,5.04,1.66,3.38,10360.11,0.0
short,460.8932,473.6442714285714,435.3910571428571,463.07,2024-07-26 15:45:00-04:00,2024-07-26 09:42:00-04:00,-2.1768,eod_close,462.71,460.8932,0.003934,8.500714285714285,461.70801623977974,0.5502047671474954,0.8103448275862761,candle_strength,2024-07-26,12,-26.12,1.66,-27.78,10332.33,0.0027
long,465.9,452.5848214285714,492.53035714285716,465.12,2024-07-29 15:45:00-04:00,2024-07-29 09:38:00-04:00,-0.78,eod_close,465.9,464.2,0.003656,8.876785714285717,465.2758101815765,0.9840189446258636,0.60348837209302,candle_strength,2024-07-29,11,-8.58,1.54,-10.12,10322.22,0.0037
long,468.348,454.04753571428574,496.94892857142855,472.09,2024-07-31 15:45:00-04:00,2024-07-31 09:40:00-04:00,3.742,eod_close,468.348,466.41,0.004147,9.533642857142862,467.4004976167449,0.5716697937833094,0.8811881188118756,candle_strength,2024-07-31,10,37.42,1.41,36.01,10358.23,0.0002
long,450.98,435.11685714285716,482.70628571428574,447.66,2024-08-02 15:45:00-04:00,2024-08-02 09:38:00-04:00,-3.32,eod_close,450.98,448.285,0.005994,10.575428571428583,449.83673488173133,0.9227316595630711,0.8829729729730011,candle_strength,2024-08-02,9,-29.88,1.22,-31.1,10327.13,0.0032
long,428.29,411.54078571428573,461.7884285714286,433.77,2024-08-05 15:45:00-04:00,2024-08-05 09:36:00-04:00,5.48,eod_close,428.29,423.45,0.011365,11.166142857142868,426.120154198073,0.7289522812182372,0.9278846153846004,candle_strength,2024-08-05,9,49.32,1.16,48.16,10375.3,0.0
short,437.0,455.8931428571429,399.2137142857142,443.18,2024-08-06 15:45:00-04:00,2024-08-06 09:36:00-04:00,-6.18,eod_close,439.54,437.0,0.005796,12.595428571428581,438.1702591287372,0.8301561850155506,0.8790322580645298,candle_strength,2024-08-06,8,-49.44,1.05,-50.49,10324.81,0.0049
long,448.12,429.45507142857144,485.4498571428571,437.145,2024-08-07 15:45:00-04:00,2024-08-07 09:37:00-04:00,-10.975,eod_close,448.12,446.15,0.004406,12.443285714285723,447.29332835009495,0.6985653034300792,0.9557522123894205,candle_strength,2024-08-07,8,-87.8,1.08,-88.88,10235.93,0.0134
short,439.8,459.021,401.358,447.61,2024-08-08 15:45:00-04:00,2024-08-08 09:37:00-04:00,-7.81,eod_close,441.43,439.8,0.003699,12.814000000000009,440.639363734634,1.007649315928122,0.9194630872483196,candle_strength,2024-08-08,7,-54.67,0.92,-55.59,10180.34,0.0188
short,446.73,466.6442142857143,406.9015714285714,450.62,2024-08-09 15:45:00-04:00,2024-08-09 09:35:00-04:00,-3.89,eod_close,448.08,446.73,0.003017,13.276142857142869,447.3546700174133,0.6834280376741652,0.6217971530249312,candle_strength,2024-08-09,7,-27.23,0.94,-28.17,10152.17,0.0215
short,471.44,483.1589964285714,448.00200714285717,460.53,2024-09-03 15:45:00-04:00,2024-09-03 09:35:00-04:00,10.91,eod_close,473.33,471.44,0.004001,7.812664285714289,472.2010563712385,0.9977420693650543,0.9024390243902625,candle_strength,2024-09-03,12,130.92,1.7,129.22,10281.39,0.0091
long,459.9188,447.62231428571425,484.5117714285714,460.95,2024-09-04 15:45:00-04:00,2024-09-04 09:41:00-04:00,1.0312,eod_close,459.9188,458.24,0.003657,8.197657142857143,459.0935058059091,1.1447310529759245,0.9728506787330569,candle_strength,2024-09-04,12,12.37,1.66,10.72,10292.11,0.008
long,460.46,448.16236785714284,485.05526428571426,459.9901,2024-09-05 15:45:00-04:00,2024-09-05 09:35:00-04:00,-0.4699,eod_close,460.46,458.97,0.003241,8.198421428571423,459.6404618178363,0.7163335737650197,0.8685344827586386,candle_strength,2024-09-05,12,-5.64,1.66,-7.3,10284.82,0.0087
short,459.27,471.0673821428571,435.6752357142857,449.7,2024-09-06 15:45:00-04:00,2024-09-06 09:36:00-04:00,9.57,eod_close,461.22,459.27,0.004237,7.864921428571425,460.21411055539926,0.7547888756812126,0.9359999999999673,candle_strength,2024-09-06,13,124.41,1.79,122.62,10407.43,0.0
short,456.01,468.5680964285714,430.8938071428572,458.44,2024-09-10 15:45:00-04:00,2024-09-10 09:36:00-04:00,-2.43,eod_close,457.82,456.01,0.003961,8.372064285714279,456.8131594776246,1.0114146223157183,0.9315068493150547,candle_strength,2024-09-10,12,-29.16,1.64,-30.8,10376.63,0.003
short,458.45,471.2813107142857,432.7873785714285,466.81,2024-09-11 15:45:00-04:00,2024-09-11 09:35:00-04:00,-8.36,eod_close,459.94,458.45,0.003245,8.554207142857138,459.1423117540022,0.6235899571518901,0.8712871287128746,candle_strength,2024-09-11,12,-100.32,1.65,-101.97,10274.66,0.0128
long,469.14,454.9115464285714,497.59690714285716,473.1853,2024-09-12 15:45:00-04:00,2024-09-12 09:37:00-04:00,4.0453,eod_close,469.14,467.43,0.003652,9.48563571428571,468.37735513012336,0.8272140909852419,0.914285714285739,candle_strength,2024-09-12,10,40.45,1.41,39.05,10313.71,0.009
short,470.9,484.2553357142857,444.1893285714285,473.315,2024-09-16 15:45:00-04:00,2024-09-16 09:35:00-04:00,-2.415,eod_close,473.28,470.9,0.005041,8.903557142857137,471.99986139207385,0.6688157649105073,0.530720555215356,candle_strength,2024-09-16,11,-26.57,1.55,-28.12,10285.59,0.0117
short,491.99,503.614025,468.74195,489.58,2024-09-26 15:45:00-04:00,2024-09-26 09:35:00-04:00,2.41,eod_close,493.7,491.99,0.00347,7.749349999999997,492.5710064740726,0.6272086839871582,0.9677419354838088,candle_strength,2024-09-26,13,31.33,1.92,29.41,10315.0,0.0089
short,485.55,496.2879535714286,464.07409285714283,481.27,2024-10-01 15:45:00-04:00,2024-10-01 09:35:00-04:00,4.28,eod_close,488.0,485.55,0.005033,7.158635714285708,486.4710294723596,1.9243863895884123,0.7518918918918779,candle_strength,2024-10-01,14,59.92,2.04,57.88,10372.88,0.0033
long,481.36,471.52750000000003,501.025,480.5099,2024-10-03 15:45:00-04:00,2024-10-03 09:35:00-04:00,-0.8501,eod_close,481.36,479.37,0.004143,6.554999999999991,480.41206352215903,0.6135296391589248,0.5447735784815266,candle_strength,2024-10-03,15,-12.75,2.17,-14.92,10357.96,0.0048
short,493.99,503.4116071428572,475.14678571428567,491.78,2024-10-17 15:45:00-04:00,2024-10-17 09:35:00-04:00,2.21,eod_close,496.49,493.99,0.005048,6.281071428571429,495.08768768979184,1.3741212336869235,0.8289473684210565,candle_strength,2024-10-17,16,35.36,2.37,32.99,10390.95,0.0016
short,489.65,498.5230357142857,471.90392857142854,485.9644,2024-10-31 15:45:00-04:00,2024-10-31 09:45:00-04:00,3.6856,eod_close,492.43,489.65,0.005661,5.915357142857131,490.52600277804635,1.446111370657205,0.5342045454545506,candle_strength,2024-10-31,17,62.66,2.5,60.16,10451.11,0.0
long,487.0,477.22589285714287,506.54821428571427,487.9,2024-11-01 15:45:00-04:00,2024-11-01 09:40:00-04:00,0.9,eod_close,487.0,485.2,0.003703,6.516071428571418,486.1405840046578,0.6326177307542622,0.8292682926829302,candle_strength,2024-11-01,16,14.4,2.34,12.06,10463.17,0.0
short,485.0,494.9273964285714,465.1452071428572,486.33,2024-11-04 15:45:00-05:00,2024-11-04 09:35:00-05:00,-1.33,eod_close,487.32,485.0,0.004772,6.618264285714275,486.27541740091704,0.6950173128544895,1.0,candle_strength,2024-11-04,15,-19.95,2.18,-22.13,10441.04,0.0021
long,502.0899,492.37084285714286,521.5280142857143,505.9501,2024-11-06 15:45:00-05:00,2024-11-06 09:35:00-05:00,3.8602,eod_close,502.0899,500.2708,0.00363,6.479371428571418,501.21134698559854,1.7219736828610401,0.6280487804877934,candle_strength,2024-11-06,16,61.76,2.41,59.35,10500.39,0.0
short,503.98,514.4223892857143,483.09522142857145,505.55,2024-11-21 15:45:00-05:00,2024-11-21 09:35:00-05:00,-1.57,eod_close,506.96,503.98,0.005896,6.961592857142867,505.421334382873,0.8197864720342104,0.9801980198019418,candle_strength,2024-11-21,15,-23.55,2.27,-25.82,10474.58,0.0025
long,512.92,503.3394357142857,532.0811285714285,515.5399,2024-12-02 15:45:00-05:00,2024-12-02 09:35:00-05:00,2.6199,eod_close,512.92,510.62,0.004494,6.387042857142855,512.1296716634362,0.7164439469139258,0.6249999999998815,candle_strength,2024-12-02,16,41.92,2.46,39.46,10514.03,0.0
short,533.77,542.5145714285715,516.280857142857,516.280857142857,2024-12-18 15:40:00-05:00,2024-12-18 09:35:00-05:00,17.4891,target,535.67,533.77,0.003553,5.829714285714284,534.6105290428227,0.9367446396696055,0.784615384615398,candle_strength,2024-12-18,18,314.8,2.88,311.92,10825.95,0.0
short,524.26,536.4942035714286,499.79159285714286,520.45,2024-12-27 15:45:00-05:00,2024-12-27 09:35:00-05:00,3.81,eod_close,526.45,524.26,0.004169,8.156135714285723,525.2871674289491,1.097651613147558,1.0,candle_strength,2024-12-27,13,49.53,2.04,47.49,10873.44,0.0
short,512.39,526.0684892857142,485.0330214285715,509.58,2025-01-02 15:45:00-05:00,2025-01-02 09:35:00-05:00,2.81,eod_close,514.92,512.39,0.004925,9.118992857142855,513.5300043626256,0.812776333256536,0.9981891513704699,candle_strength,2025-01-02,11,30.91,1.69,29.22,10902.66,0.0
long,514.96,501.1829392857143,542.5141214285715,518.35,2025-01-03 15:45:00-05:00,2025-01-03 09:38:00-05:00,3.39,eod_close,514.96,512.96,0.003891,9.18470714285714,514.1679088391467,0.8584952966534436,0.9611650485437236,candle_strength,2025-01-03,11,37.29,1.7,35.59,10938.25,0.0
short,509.63,524.9701892857142,478.9496214285715,507.05,2025-01-10 15:45:00-05:00,2025-01-10 09:37:00-05:00,2.58,eod_close,511.58,509.63,0.003819,10.226792857142852,510.3727068073899,2.0354693241006174,0.9747899159663617,candle_strength,2025-01-10,10,25.8,1.53,24.27,10962.52,0.0
short,516.84,530.8650321428572,488.78993571428566,515.11,2025-01-16 15:45:00-05:00,2025-01-16 09:45:00-05:00,1.73,eod_close,519.0599,516.84,0.004286,9.350021428571422,517.7258168817848,0.6477366460462687,0.511111111111229,candle_strength,2025-01-16,11,19.03,1.71,17.32,10979.84,0.0
short,520.51,534.4203785714285,492.689242857143,522.2,2025-01-17 15:45:00-05:00,2025-01-17 09:37:00-05:00,-1.69,eod_close,523.05,520.51,0.004868,9.273585714285705,521.5066705705021,0.586057476042159,0.5256410256410032,candle_strength,2025-01-17,11,-18.59,1.72,-20.31,10959.54,0.0018
long,531.1994,517.264025,559.07015,532.0,2025-01-22 15:45:00-05:00,2025-01-22 09:49:00-05:00,0.8006,eod_close,531.1994,529.26,0.003658,9.29024999999999,530.2771701465007,0.5764608240922322,0.9195402298851205,candle_strength,2025-01-22,11,8.81,1.75,7.05,10966.59,0.0012
long,514.5,501.64569642857145,540.2086071428571,513.54,2025-01-27 15:45:00-05:00,2025-01-27 09:38:00-05:00,-0.96,eod_close,514.5,510.53,0.007746,8.56953571428571,513.165328951766,0.7285712406184741,0.8407079646018135,candle_strength,2025-01-27,12,-11.52,1.85,-13.37,10953.22,0.0024
short,513.7458,527.6784535714286,485.88049285714294,522.4451,2025-01-28 15:45:00-05:00,2025-01-28 09:35:00-05:00,-8.6993,eod_close,515.63,513.7458,0.003661,9.288435714285713,514.6790242724692,0.6150631474451062,1.0,candle_strength,2025-01-28,11,-95.69,1.7,-97.39,10855.83,0.0113
short,520.84,534.9740821428572,492.5718357142856,520.67,2025-01-29 15:45:00-05:00,2025-01-29 09:37:00-05:00,0.17,eod_close,522.59,520.84,0.003354,9.422721428571435,521.6613351540989,0.6393513282092967,0.8333333333333046,candle_strength,2025-01-29,11,1.87,1.72,0.15,10855.98,0.0113
short,526.74,540.2865428571429,499.6469142857143,521.7757,2025-01-31 15:45:00-05:00,2025-01-31 09:36:00-05:00,4.9643,eod_close,528.4599,526.74,0.00326,9.031028571428575,527.5979481885031,0.39371306611794815,0.8225806451612696,candle_strength,2025-01-31,12,59.57,1.9,57.68,10913.66,0.006
long,514.42,500.98297857142853,541.2940428571428,518.85,2025-02-03 15:45:00-05:00,2025-02-03 09:35:00-05:00,4.43,eod_close,514.42,512.57,0.003603,8.958014285714285,513.542950763803,0.6580450033621464,0.9345794392522928,candle_strength,2025-02-03,12,53.16,1.85,51.31,10964.96,0.0014
long,531.76,518.9911428571429,557.2977142857142,523.025,2025-02-07 15:45:00-05:00,2025-02-07 09:36:00-05:00,-8.735,eod_close,531.76,529.79,0.003712,8.51257142857142,531.1540284043342,1.138379967888433,0.7500000000000507,candle_strength,2025-02-07,12,-104.82,1.91,-106.73,10858.23,0.0111
long,527.73,514.9135928571429,553.3628142857142,527.79,2025-02-11 15:45:00-05:00,2025-02-11 09:35:00-05:00,0.06,eod_close,527.73,525.83,0.003607,8.544271428571411,526.8998619684551,0.775906944892937,1.0,candle_strength,2025-02-11,12,0.72,1.9,-1.18,10857.05,0.0112
short,527.4005,537.7425499999999,506.7164,521.98,2025-02-24 15:45:00-05:00,2025-02-24 09:35:00-05:00,5.4205,eod_close,529.069,527.4005,0.003159,6.89469999999998,527.8539667358045,0.943746108470355,0.7865570253843028,candle_strength,2025-02-24,15,81.31,2.37,78.93,10935.98,0.004
long,500.1701,487.8373142857143,524.8356714285715,504.12,2025-02-28 15:45:00-05:00,2025-02-28 09:37:00-05:00,3.9499,eod_close,500.1701,496.93,0.006499,8.221857142857127,498.66407219329824,0.9357885958271043,0.7654320987654176,candle_strength,2025-02-28,13,51.35,1.95,49.4,10985.38,0.0
short,510.7,523.2406428571428,485.61871428571436,494.69,2025-03-03 15:45:00-05:00,2025-03-03 09:38:00-05:00,16.01,eod_close,513.04,510.7,0.004571,8.360428571428555,511.46299383601826,1.2850454233941442,0.7535211267605803,candle_strength,2025-03-03,13,208.13,1.99,206.14,11191.52,0.0
long,494.7,480.8711892857143,522.3576214285713,498.575,2025-03-04 15:45:00-05:00,2025-03-04 09:36:00-05:00,3.875,eod_close,494.7,492.23,0.005005,9.219207142857126,493.65540729572297,1.058719139371647,0.7991803278688532,candle_strength,2025-03-04,12,46.5,1.78,44.72,11236.24,0.0
short,495.29,510.3954178571429,465.0791642857143,502.27,2025-03-05 15:45:00-05:00,2025-03-05 09:36:00-05:00,-6.98,eod_close,496.83,495.29,0.003104,10.07027857142856,495.8929556165981,1.1133381524724257,0.7077922077922083,candle_strength,2025-03-05,11,-76.78,1.63,-78.41,11157.83,0.007
long,488.78,472.2795821428571,521.7808357142857,490.64,2025-03-07 15:45:00-05:00,2025-03-07 09:35:00-05:00,1.86,eod_close,488.78,486.92,0.003813,11.000278571428554,488.1323181419317,1.1131244471426387,0.5379047619048017,candle_strength,2025-03-07,10,18.6,1.47,17.13,11174.96,0.0055
long,483.86,466.3331535714286,518.9136928571428,472.34,2025-03-10 15:45:00-04:00,2025-03-10 09:44:00-04:00,-11.52,eod_close,483.86,481.19,0.005533,11.684564285714263,482.69267078580765,0.6154235116262329,0.5705940594059169,candle_strength,2025-03-10,9,-103.68,1.31,-104.99,11069.97,0.0148
long,473.3,453.71922500000005,512.46155,474.58,2025-03-11 15:45:00-04:00,2025-03-11 09:36:00-04:00,1.28,eod_close,473.3,471.4915,0.003828,13.053849999999974,472.6011570518227,1.3219993176194667,0.9868421052631697,candle_strength,2025-03-11,8,10.24,1.14,9.1,11079.08,0.014
short,474.73,495.3655964285714,433.45880714285727,467.4,2025-03-13 15:45:00-04:00,2025-03-13 09:36:00-04:00,7.33,eod_close,476.2801,474.73,0.00326,13.75706428571427,475.49203589691535,1.0072732875259616,0.9190751445086792,candle_strength,2025-03-13,8,58.64,1.14,57.5,11136.58,0.0089
long,475.72,455.3201178571429,516.5197642857142,478.62,2025-03-14 15:45:00-04:00,2025-03-14 09:35:00-04:00,2.9,eod_close,475.72,473.4608,0.00476,13.599921428571419,474.94835931158934,1.4018641665590625,0.8852258852258922,candle_strength,2025-03-14,8,23.2,1.14,22.06,11158.64,0.0069
long,481.0,460.31286785714286,522.3742642857143,484.85,2025-03-17 15:45:00-04:00,2025-03-17 09:35:00-04:00,3.85,eod_close,481.0,479.18,0.003791,13.791421428571422,480.3634523714081,0.4467369196275797,0.8517441860465,candle_strength,2025-03-17,8,30.8,1.15,29.65,11188.28,0.0043
short,477.9798,498.4108607142857,437.1176785714286,474.535,2025-03-18 15:45:00-04:00,2025-03-18 09:35:00-04:00,3.4448,eod_close,479.61,477.9798,0.003405,13.620707142857132,478.3547681336123,2.0931222698127505,0.7171717171716899,candle_strength,2025-03-18,8,27.56,1.15,26.41,11214.69,0.0019
long,478.975,459.2039285714286,518.5171428571429,479.59,2025-03-20 15:45:00-04:00,2025-03-20 09:35:00-04:00,0.615,eod_close,478.975,476.18,0.005852,13.180714285714275,477.7170607965976,0.6734960223817581,0.7037037037036686,candle_strength,2025-03-20,8,4.92,1.15,3.77,11218.46,0.0016
short,473.3,492.6982142857143,434.50357142857143,478.667,2025-03-21 15:45:00-04:00,2025-03-21 09:35:00-04:00,-5.367,eod_close,475.4,473.3,0.004427,12.93214285714285,474.2037776663358,0.7414534821519229,0.9247311827957068,candle_strength,2025-03-21,8,-42.94,1.14,-44.07,11174.39,0.0055
short,458.24,472.6657035714286,429.38859285714284,468.9,2025-03-31 15:45:00-04:00,2025-03-31 09:44:00-04:00,-10.66,eod_close,462.52,458.24,0.009297,9.61713571428571,459.7325291595993,0.8483669774734711,0.9999065420560982,candle_strength,2025-03-31,11,-117.26,1.51,-118.77,11055.62,0.0161
short,466.5,481.0044535714286,437.4910928571428,471.73,2025-04-01 15:45:00-04:00,2025-04-01 09:35:00-04:00,-5.23,eod_close,468.5392,466.5,0.004362,9.669635714285713,467.10656748915676,1.1885010823869773,0.9565217391304262,candle_strength,2025-04-01,11,-57.53,1.54,-59.07,10996.55,0.0213
long,468.3,453.82233214285714,497.25533571428576,476.6147,2025-04-02 15:45:00-04:00,2025-04-02 09:35:00-04:00,8.3147,eod_close,468.3,465.86,0.005224,9.651778571428569,467.2524848139516,1.1428575019859826,0.7599999999999909,candle_strength,2025-04-02,11,91.46,1.55,89.92,11086.47,0.0133
long,459.69,444.8684035714286,489.3331928571428,451.65,2025-04-03 15:45:00-04:00,2025-04-03 09:39:00-04:00,-8.04,eod_close,459.69,456.11,0.007818,9.881064285714283,458.5978384566967,0.8350207930353047,0.5068493150684867,candle_strength,2025-04-03,11,-88.44,1.52,-89.96,10996.51,0.0213
short,436.71,453.0090964285714,404.1118071428571,430.405,2025-04-04 15:45:00-04:00,2025-04-04 09:36:00-04:00,6.305,eod_close,440.37,436.71,0.008346,10.866064285714279,438.2477310665081,0.9372221178363868,0.9834710743801808,candle_strength,2025-04-04,10,63.05,1.31,61.74,11058.25,0.0158
short,406.74,425.17659642857143,369.86680714285717,425.17659642857143,2025-04-07 10:11:00-04:00,2025-04-07 09:35:00-04:00,-18.4366,stop,410.0,406.74,0.007983,12.291064285714283,408.04663981437113,0.5786034028960801,0.6421052631578976,candle_strength,2025-04-07,8,-147.49,0.98,-148.47,10909.78,0.0291
short,437.2248,458.91746785714287,393.8394642857143,411.44,2025-04-08 15:45:00-04:00,2025-04-08 09:36:00-04:00,25.7848,eod_close,439.44,437.2248,0.005054,14.461778571428571,438.14067532621624,0.7470223142086542,0.7439024390243959,candle_strength,2025-04-08,7,180.49,0.92,179.58,11089.35,0.0131
long,419.27,395.1603607142857,467.4892785714286,463.04,2025-04-09 15:45:00-04:00,2025-04-09 09:38:00-04:00,43.77,eod_close,419.27,415.43,0.009201,16.073092857142857,417.4957977089214,0.8697455984226441,0.9970588235294144,candle_strength,2025-04-09,6,262.62,0.75,261.87,11351.22,0.0
short,452.44,481.2671392857143,394.78572142857143,441.99,2025-04-10 15:45:00-04:00,2025-04-10 09:37:00-04:00,10.45,eod_close,455.59,452.44,0.006938,19.218092857142857,454.0458506526181,0.8704500973541901,0.8584474885844737,candle_strength,2025-04-10,5,52.25,0.68,51.57,11402.79,0.0
long,446.2797,414.80988214285713,509.2193357142857,454.29,2025-04-11 15:45:00-04:00,2025-04-11 09:39:00-04:00,8.0103,eod_close,446.2797,443.21,0.006902,20.979878571428568,445.182553543674,1.7395630920265308,0.5987654320987806,candle_strength,2025-04-11,5,40.05,0.67,39.38,11442.17,0.0
short,463.0763,494.95218928571427,399.3245214285715,460.05,2025-04-14 15:45:00-04:00,2025-04-14 09:35:00-04:00,3.0263,eod_close,465.05,463.0763,0.004253,21.250592857142856,463.841310034682,1.0182190764964258,0.9409090909090911,candle_strength,2025-04-14,5,15.13,0.69,14.44,11456.61,0.0
long,459.91,427.04625357142857,525.6374928571429,457.575,2025-04-15 15:45:00-04:00,2025-04-15 09:39:00-04:00,-2.335,eod_close,459.91,458.14,0.003856,21.909164285714287,459.00510636047505,1.1633371744228278,0.731012266138002,candle_strength,2025-04-15,5,-11.68,0.69,-12.36,11444.25,0.0011
long,450.81,418.41875357142857,515.5924928571428,440.92,2025-04-16 15:45:00-04:00,2025-04-16 09:37:00-04:00,-9.89,eod_close,450.81,448.72,0.004647,21.59416428571429,450.00555639185166,0.5630441598936734,0.8163265306122993,candle_strength,2025-04-16,5,-49.45,0.68,-50.13,11394.12,0.0055
short,458.0,492.06482857142856,389.8703428571429,454.0,2025-04-23 15:45:00-04:00,2025-04-23 09:36:00-04:00,4.0,eod_close,459.6332,458.0,0.00356,22.709885714285715,458.6614407665956,0.9651922126227076,0.8752735229759432,candle_strength,2025-04-23,5,20.0,0.69,19.31,11413.43,0.0038
long,467.65,434.41124285714284,534.1275142857143,471.2204,2025-04-25 15:45:00-04:00,2025-04-25 09:35:00-04:00,3.5704,eod_close,467.65,465.89,0.003771,22.15917142857143,467.1315245208354,0.9618015656956911,0.5423728813559436,candle_strength,2025-04-25,5,17.85,0.7,17.15,11430.58,0.0023
short,469.75,497.38925714285716,414.4714857142857,475.085,2025-04-29 15:45:00-04:00,2025-04-29 09:38:00-04:00,-5.335,eod_close,471.21,469.75,0.003103,18.42617142857143,470.40845267115884,0.5528665439637965,0.9083969465648782,candle_strength,2025-04-29,6,-32.01,0.85,-32.86,11397.73,0.0051
short,482.05,502.81667500000003,440.51664999999997,483.85,2025-05-01 15:45:00-04:00,2025-05-01 09:39:00-04:00,-1.8,eod_close,483.89,482.05,0.00381,13.844450000000007,482.8148812894143,0.9093378193353083,0.6250000000000355,candle_strength,2025-05-01,8,-14.4,1.16,-15.56,11382.17,0.0065
short,486.13,504.5759607142857,449.23807857142856,488.751,2025-05-02 15:45:00-04:00,2025-05-02 09:35:00-04:00,-2.621,eod_close,487.64,486.13,0.003101,12.297307142857148,486.6494827593316,0.9073285311067718,0.7322758620689853,candle_strength,2025-05-02,9,-23.59,1.31,-24.9,11357.27,0.0087
long,480.72,463.63689642857145,514.8862071428572,483.72,2025-05-06 15:45:00-04:00,2025-05-06 09:35:00-04:00,3.0,eod_close,480.72,479.16,0.00325,11.388735714285714,480.0145308974864,0.5744044760776698,0.5312500000000611,candle_strength,2025-05-06,9,27.0,1.3,25.7,11382.97,0.0064
long,510.0,494.2097892857143,541.5804214285714,516.63,2025-05-13 15:45:00-04:00,2025-05-13 09:35:00-04:00,6.63,eod_close,510.0,508.42,0.003103,10.526807142857141,509.4816520465071,1.159327375539079,0.8999999999999351,candle_strength,2025-05-13,10,66.3,1.53,64.77,11447.74,0.0008
long,507.99,496.02204642857146,531.9259071428571,510.47,2025-05-23 15:45:00-04:00,2025-05-23 09:35:00-04:00,2.48,eod_close,507.99,505.58,0.004755,7.978635714285709,506.71941345202265,0.6890948233282351,0.9302325581395333,candle_strength,2025-05-23,14,34.72,2.13,32.59,11480.33,0.0
short,524.02,536.4692392857143,499.12152142857144,519.65,2025-05-29 15:45:00-04:00,2025-05-29 09:37:00-04:00,4.37,eod_close,526.48,524.02,0.004683,8.299492857142853,524.8977664076051,1.0008289437406586,0.7837837837837561,candle_strength,2025-05-29,13,56.81,2.04,54.77,11535.09,0.0
long,520.2901,507.50175357142865,545.8667928571429,522.58,2025-06-02 15:45:00-04:00,2025-06-02 09:35:00-04:00,2.2899,eod_close,520.2901,517.22,0.005918,8.525564285714276,519.1855913898434,0.9639478580727567,0.7479999999999337,candle_strength,2025-06-02,13,29.77,2.03,27.74,11562.83,0.0
short,528.97,540.0764928571429,506.7570142857144,526.04,2025-06-05 15:45:00-04:00,2025-06-05 09:39:00-04:00,2.93,eod_close,530.85,528.97,0.003548,7.404328571428574,529.8581496119992,0.7162452220916014,0.7577639751553435,candle_strength,2025-06-05,15,43.95,2.38,41.57,11604.4,0.0
long,530.01,519.4334571428572,551.1630857142857,525.98,2025-06-13 15:45:00-04:00,2025-06-13 09:39:00-04:00,-4.03,eod_close,530.01,527.25,0.005221,7.051028571428568,529.3050676946472,0.8813877587169983,0.5312499999999778,candle_strength,2025-06-13,16,-64.48,2.54,-67.02,11537.38,0.0058
long,532.48,521.9559571428572,553.5280857142857,534.19,2025-06-16 15:45:00-04:00,2025-06-16 09:45:00-04:00,1.71,eod_close,532.48,530.45,0.00382,7.0160285714285635,531.8275978628092,1.1376811814316512,0.7017543859649508,candle_strength,2025-06-16,16,27.36,2.56,24.8,11562.18,0.0036
short,560.45,568.3090571428572,544.7318857142857,562.62,2025-07-23 15:45:00-04:00,2025-07-23 09:45:00-04:00,-2.17,eod_close,562.37,560.45,0.00342,5.239371428571417,561.1750039446761,1.3724934776539741,0.9500000000000426,candle_strength,2025-07-23,22,-47.74,3.7,-51.44,11510.74,0.0081
short,572.28,579.4737,557.8925999999999,566.15,2025-07-31 15:45:00-04:00,2025-07-31 09:35:00-04:00,6.13,eod_close,574.63,572.28,0.004098,4.795800000000002,573.0191748027745,0.59251994967558,0.94366197183088,candle_strength,2025-07-31,24,147.12,4.12,143.0,11653.74,0.0
short,556.76,564.7058428571429,540.8683142857142,554.055,2025-08-01 15:45:00-04:00,2025-08-01 09:36:00-04:00,2.705,eod_close,559.02,556.76,0.004051,5.297228571428572,557.6644273359665,0.7618048939557664,1.0,candle_strength,2025-08-01,21,56.8,3.51,53.3,11707.04,0.0
short,574.03,584.3628678571429,553.3642642857142,569.295,2025-08-19 15:45:00-04:00,2025-08-19 09:35:00-04:00,4.735,eod_close,576.56,574.03,0.004398,6.888578571428566,574.7888799914351,1.3601222557211046,0.708333333333136,candle_strength,2025-08-19,16,75.76,2.76,73.0,11780.05,0.0
long,564.66,554.0089178571428,585.9621642857143,563.17,2025-08-21 15:45:00-04:00,2025-08-21 09:37:00-04:00,-1.49,eod_close,564.66,562.88,0.003157,7.100721428571417,563.9097721022397,0.9161026215430568,0.972602739726053,candle_strength,2025-08-21,16,-23.84,2.71,-26.55,11753.5,0.0023
long,570.92,561.0762392857142,590.6075214285714,571.555,2025-08-25 15:45:00-04:00,2025-08-25 09:59:00-04:00,0.635,eod_close,570.92,569.16,0.003088,6.562507142857124,570.1043457529764,0.6418240846727128,1.0,candle_strength,2025-08-25,17,10.79,2.91,7.88,11761.38,0.0016
short,573.84,582.5856964285714,556.3486071428573,577.61,2025-08-28 15:45:00-04:00,2025-08-28 09:50:00-04:00,-3.77,eod_close,576.53,573.84,0.004677,5.830464285714267,575.4334010662474,1.7099131677046362,0.8015267175572506,candle_strength,2025-08-28,20,-75.4,3.44,-78.84,11682.54,0.0083
long,561.36,552.2585892857143,579.5628214285715,564.98,2025-09-02 15:45:00-04:00,2025-09-02 09:35:00-04:00,3.62,eod_close,561.36,559.535,0.003256,6.067607142857136,560.6363046459394,0.7439285916663141,0.7159772781822458,candle_strength,2025-09-02,19,68.78,3.2,65.58,11748.12,0.0027
long,598.91,590.7108928571429,615.3082142857141,603.1356,2025-10-01 15:45:00-04:00,2025-10-01 09:36:00-04:00,4.2256,eod_close,598.91,596.7,0.003697,5.466071428571411,597.8382972729551,0.4880398444429283,0.6000000000000649,candle_strength,2025-10-01,21,88.74,3.77,84.96,11833.08,0.0
short,598.06,608.9500535714285,576.2798928571428,602.09,2025-10-13 15:45:00-04:00,2025-10-13 09:35:00-04:00,-4.03,eod_close,600.11,598.06,0.003422,7.260035714285721,599.0375486938942,1.0465593112062537,0.956140350877137,candle_strength,2025-10-13,16,-64.48,2.87,-67.35,11765.73,0.0057
short,593.36,605.0921964285715,569.8956071428571,596.84,2025-10-14 15:45:00-04:00,2025-10-14 09:35:00-04:00,-3.48,eod_close,595.33,593.36,0.003315,7.821464285714293,594.160825736816,0.7871351467407318,0.6898079763662779,candle_strength,2025-10-14,15,-52.2,2.67,-54.87,11710.86,0.0103
long,609.13,595.2742321428572,636.8415357142857,611.94,2025-10-20 15:45:00-04:00,2025-10-20 09:35:00-04:00,2.81,eod_close,609.13,607.065,0.003396,9.23717857142859,608.5468386834698,0.5738261789249531,0.9986301369861781,candle_strength,2025-10-20,12,33.72,2.19,31.53,11742.39,0.0077
short,630.18,645.8540678571428,598.8318642857142,627.0,2025-10-30 15:45:00-04:00,2025-10-30 09:35:00-04:00,3.18,eod_close,632.19,630.18,0.003184,10.449378571428563,630.8133871770865,1.2030146789096146,0.9539842873176841,candle_strength,2025-10-30,11,34.98,2.08,32.9,11775.29,0.0049
long,623.6199,610.6683321428573,649.5230357142856,620.72,2025-11-04 15:45:00-05:00,2025-11-04 09:41:00-05:00,-2.8999,eod_close,623.6199,621.3687,0.003616,8.634378571428556,622.4873741661307,0.8327357432794501,0.9629629629629941,candle_strength,2025-11-04,13,-37.7,2.43,-40.13,11735.16,0.0083
long,600.43,585.3383928571428,630.6132142857142,609.31,2025-11-14 15:45:00-05:00,2025-11-14 09:36:00-05:00,8.88,eod_close,600.43,597.17,0.005444,10.061071428571422,598.8104286648887,0.9762790441884126,0.8571428571428056,candle_strength,2025-11-14,11,97.68,1.98,95.7,11830.85,0.0002
long,608.72,593.1216071428572,639.9167857142857,601.56,2025-11-17 15:45:00-05:00,2025-11-17 09:35:00-05:00,-7.16,eod_close,608.72,605.24,0.005733,10.398928571428574,607.065224015097,0.6139325572111671,0.9523809523808149,candle_strength,2025-11-17,11,-78.76,2.01,-80.77,11750.09,0.007
long,598.05,581.2108928571428,631.7282142857143,599.95,2025-11-19 15:45:00-05:00,2025-11-19 09:35:00-05:00,1.9,eod_close,598.05,596.14,0.003199,11.226071428571434,597.0910134378921,0.6456989026788624,0.9909909909909984,candle_strength,2025-11-19,10,19.0,1.79,17.21,11767.29,0.0056
short,610.21,627.2355357142858,576.1589285714285,586.47,2025-11-20 15:45:00-05:00,2025-11-20 09:41:00-05:00,23.74,eod_close,612.38,610.21,0.00355,11.350357142857149,611.1977678819314,0.7698557057056791,0.8014184397163269,candle_strength,2025-11-20,10,237.4,1.83,235.57,12002.86,0.0
long,599.18,578.87375,639.7924999999999,605.94,2025-11-24 15:45:00-05:00,2025-11-24 09:35:00-05:00,6.76,eod_close,599.18,595.16,0.006732,13.537499999999998,597.5635521020843,1.14977514109681,0.5913978494623485,candle_strength,2025-11-24,8,54.08,1.44,52.64,12055.5,0.0
short,618.71,637.5296642857144,581.0706714285714,624.03,2025-12-03 15:45:00-05:00,2025-12-03 09:39:00-05:00,-5.32,eod_close,620.65,618.71,0.003131,12.54644285714286,619.5454534595342,0.859838169593941,0.7831900668577174,candle_strength,2025-12-03,9,-47.88,1.67,-49.55,12005.95,0.0041
short,626.87,643.4760928571428,593.6578142857144,622.76,2025-12-08 15:45:00-05:00,2025-12-08 09:42:00-05:00,4.11,eod_close,628.84,626.87,0.003138,11.07072857142857,627.8580183917434,0.6899306442004935,0.509999999999942,candle_strength,2025-12-08,10,41.1,1.88,39.22,12045.17,0.0009
long,623.52,607.4989071428571,655.5621857142858,625.2,2025-12-09 15:45:00-05:00,2025-12-09 09:39:00-05:00,1.68,eod_close,623.52,621.62,0.003052,10.680728571428565,622.6304796917768,0.9556460013164905,0.5806451612904172,candle_strength,2025-12-09,11,18.48,2.06,16.42,12061.59,0.0
short,616.14,628.7100214285714,590.9999571428572,611.041,2025-12-15 15:45:00-05:00,2025-12-15 09:39:00-05:00,5.099,eod_close,618.42,616.14,0.003694,8.380014285714294,617.1609556239132,0.8075847728914707,0.9876558449574244,candle_strength,2025-12-15,14,71.39,2.59,68.8,12130.39,0.0
long,610.3,598.5346214285714,633.830757142857,612.82,2025-12-16 15:45:00-05:00,2025-12-16 09:36:00-05:00,2.52,eod_close,610.3,607.73,0.00422,7.843585714285723,609.5156195627127,0.9372440907957835,0.9047619047619305,candle_strength,2025-12-16,15,37.8,2.75,35.05,12165.45,0.0
long,614.33,601.7932142857144,639.4035714285714,616.725,2025-12-19 15:45:00-05:00,2025-12-19 09:35:00-05:00,2.395,eod_close,614.33,611.87,0.004012,8.357857142857142,613.4925497213452,0.8076263616097248,0.5348837209300727,candle_strength,2025-12-19,14,33.53,2.58,30.95,12196.4,0.0
short,619.305,630.2774892857142,597.3600214285715,613.2973,2026-01-02 15:45:00-05:00,2026-01-02 09:35:00-05:00,6.0077,eod_close,621.18,619.305,0.003023,7.31499285714284,620.2304586287146,0.8650517070535002,0.905405405405339,candle_strength,2026-01-02,16,96.12,2.97,93.15,12289.55,0.0
short,617.79,629.0635607142857,595.2428785714285,618.56,2026-01-05 15:45:00-05:00,2026-01-05 09:35:00-05:00,-0.77,eod_close,619.98,617.79,0.003539,7.5157071428571305,618.8554434278534,0.5648767569601753,0.933333333333207,candle_strength,2026-01-05,16,-12.32,2.97,-15.29,12274.26,0.0012
short,620.77,630.884425,600.54115,620.38,2026-01-08 15:45:00-05:00,2026-01-08 09:38:00-05:00,0.39,eod_close,623.42,620.77,0.00426,6.7429499999999996,621.6686953781806,1.0688267039603405,0.7222222222222152,candle_strength,2026-01-08,18,7.02,3.35,3.67,12277.93,0.0009
long,625.04,616.0870035714286,642.9459928571428,627.85,2026-01-12 15:45:00-05:00,2026-01-12 09:35:00-05:00,2.81,eod_close,625.04,622.26,0.004458,5.968664285714291,624.0497378503916,0.8882348276077586,0.6880733944954646,candle_strength,2026-01-12,20,56.2,3.75,52.45,12330.38,0.0
short,631.48,643.6920464285715,607.055907142857,627.48,2026-01-29 15:45:00-05:00,2026-01-29 09:35:00-05:00,4.0,eod_close,633.67,631.48,0.003462,8.141364285714303,632.2803458646515,1.0718326620240162,0.8787878787878753,candle_strength,2026-01-29,15,60.0,2.84,57.16,12387.54,0.0
long,627.69,614.4943821428571,654.0812357142859,621.7,2026-01-30 15:45:00-05:00,2026-01-30 09:39:00-05:00,-5.99,eod_close,627.69,625.2,0.003975,8.797078571428585,626.6289100845755,0.4086889347593016,0.9423983075295979,candle_strength,2026-01-30,14,-83.86,2.64,-86.5,12301.04,0.007
long,621.77,608.4348285714285,648.4403428571429,626.23,2026-02-02 15:45:00-05:00,2026-02-02 09:35:00-05:00,4.46,eod_close,621.77,618.66,0.005014,8.890114285714292,620.6735879389521,0.8116729426810423,0.9920634920634992,candle_strength,2026-02-02,13,57.98,2.42,55.56,12356.6,0.0025
short,625.96,639.6428500000001,598.5943,615.24,2026-02-03 15:45:00-05:00,2026-02-03 09:37:00-05:00,10.72,eod_close,628.7,625.96,0.004368,9.121900000000007,627.1622505547889,0.8098694462449716,0.7046590909090712,candle_strength,2026-02-03,13,139.36,2.44,136.92,12493.51,0.0
long,603.24,587.6119714285715,634.4960571428571,609.79,2026-02-06 15:45:00-05:00,2026-02-06 09:38:00-05:00,6.55,eod_close,603.24,598.77,0.007438,10.418685714285711,601.5115256356111,0.678212563940622,0.8137254901960216,candle_strength,2026-02-06,11,72.05,1.99,70.06,12563.57,0.0
long,607.92,591.5226857142857,640.7146285714285,615.08,2026-02-09 15:45:00-05:00,2026-02-09 09:37:00-05:00,7.16,eod_close,607.92,605.07,0.004699,10.93154285714285,606.7815963042639,0.5920606816131828,0.9705882352941438,candle_strength,2026-02-09,11,78.76,2.01,76.75,12640.33,0.0
long,600.86,583.5687178571429,635.4425642857142,601.23,2026-02-17 15:45:00-05:00,2026-02-17 09:35:00-05:00,0.37,eod_close,600.86,597.11,0.006261,11.527521428571415,599.156595112918,0.7690340129498932,0.6836734693878167,candle_strength,2026-02-17,10,3.7,1.8,1.9,12642.23,0.0
long,602.71,584.9872214285715,638.1555571428571,605.6,2026-02-18 15:45:00-05:00,2026-02-18 09:38:00-05:00,2.89,eod_close,602.71,600.72,0.003307,11.815185714285706,601.586916971929,0.7999855582205255,0.8241758241758015,candle_strength,2026-02-18,10,28.9,1.81,27.09,12669.32,0.0
long,602.64,585.6408642857143,636.6382714285713,608.39,2026-02-20 15:45:00-05:00,2026-02-20 09:35:00-05:00,5.75,eod_close,602.64,599.23,0.005674,11.332757142857133,601.2288193786916,0.7154870927132043,0.9452054794520282,candle_strength,2026-02-20,11,63.25,1.99,61.26,12730.58,0.0
long,613.08,597.028275,645.1834500000001,616.385,2026-02-25 15:45:00-05:00,2026-02-25 09:36:00-05:00,3.305,eod_close,613.08,611.0,0.003398,10.701149999999993,612.4570239531872,0.6887149598420901,0.9047619047619907,candle_strength,2026-02-25,11,36.36,2.02,34.33,12764.91,0.0
short,613.47,628.7620821428571,582.8858357142858,608.77,2026-02-26 15:45:00-05:00,2026-02-26 09:36:00-05:00,4.7,eod_close,615.59,613.47,0.00345,10.194721428571427,614.2409376442089,0.9113560888950257,0.8125000000000698,candle_strength,2026-02-26,12,56.4,2.21,54.19,12819.1,0.0
long,605.14,589.6647035714286,636.0905928571427,606.1201,2026-02-27 15:45:00-05:00,2026-02-27 09:39:00-05:00,0.9801,eod_close,605.14,602.73,0.00399,10.316864285714278,604.0181785565627,0.5746167473637097,0.8360655737704582,candle_strength,2026-02-27,12,11.76,2.18,9.58,12828.68,0.0
long,603.87,589.1800607142858,633.2498785714284,607.8,2026-03-02 15:45:00-05:00,2026-03-02 09:36:00-05:00,3.93,eod_close,603.87,597.99,0.009785,9.793292857142847,601.4689623034931,0.8751631725878304,0.6333333333333018,candle_strength,2026-03-02,13,51.09,2.36,48.73,12877.42,0.0
long,610.03,594.030775,642.02845,606.73,2026-03-05 15:45:00-05:00,2026-03-05 09:35:00-05:00,-3.3,eod_close,610.03,607.37,0.00437,10.666149999999991,609.1108848237772,0.8506201006432402,0.5217391304348471,candle_strength,2026-03-05,12,-39.6,2.2,-41.8,12835.62,0.0032
short,599.59,614.9742142857143,568.8215714285715,600.31,2026-03-06 15:45:00-05:00,2026-03-06 09:35:00-05:00,-0.72,eod_close,601.48,599.59,0.003147,10.25614285714285,600.4042240337843,0.9211007080770032,0.8502673796791593,candle_strength,2026-03-06,12,-8.64,2.16,-10.8,12824.82,0.0041
short,594.03,609.4699285714286,563.1501428571428,606.96,2026-03-09 15:45:00-04:00,2026-03-09 09:37:00-04:00,-12.93,eod_close,596.47,594.03,0.004099,10.293285714285698,595.3045559352122,0.5490895729125201,0.8578947368421216,candle_strength,2026-03-09,12,-155.16,2.14,-157.3,12667.53,0.0163
short,607.78,624.0052857142856,575.3294285714287,607.82,2026-03-10 15:45:00-04:00,2026-03-10 09:41:00-04:00,-0.04,eod_close,609.97,607.78,0.003597,10.81685714285712,608.6994303415959,0.5880632282124392,0.568149102204662,candle_strength,2026-03-10,11,-0.44,2.01,-2.45,12665.08,0.0165
long,601.24,584.8064392857143,634.1071214285714,599.876,2026-03-16 15:45:00-04:00,2026-03-16 09:35:00-04:00,-1.364,eod_close,601.24,599.23,0.003349,10.955707142857127,600.4547967544881,0.6503054058319832,0.7085301062574344,candle_strength,2026-03-16,11,-15.0,1.98,-16.99,12648.09,0.0178
long,604.92,588.3921535714286,637.9756928571427,603.33,2026-03-17 15:45:00-04:00,2026-03-17 09:38:00-04:00,-1.59,eod_close,604.92,602.28,0.004374,11.018564285714271,604.041820390245,0.7843047041447188,0.9368421052629791,candle_strength,2026-03-17,11,-17.49,2.0,-19.49,12628.61,0.0193
short,587.11,602.8460607142857,555.6378785714286,593.18,2026-03-19 15:45:00-04:00,2026-03-19 09:35:00-04:00,-6.07,eod_close,589.54,587.11,0.00413,10.49070714285713,587.9718659538819,0.5725730966539551,0.9518436984040081,candle_strength,2026-03-19,12,-72.84,2.11,-74.95,12553.65,0.0251
short,588.66,604.5749892857142,556.8300214285715,580.21,2026-03-20 15:45:00-04:00,2026-03-20 09:38:00-04:00,8.45,eod_close,591.17,588.66,0.004255,10.60999285714284,589.400797429101,1.067259728228864,0.5490196078433165,candle_strength,2026-03-20,11,92.95,1.94,91.01,12644.66,0.0181
short,584.15,599.9953464285713,552.4593071428573,584.17,2026-03-24 15:45:00-04:00,2026-03-24 09:39:00-04:00,-0.02,eod_close,586.28,584.15,0.00364,10.563564285714278,585.1385527729238,0.6331687227712123,0.8859649122807044,candle_strength,2026-03-24,11,-0.22,1.93,-2.15,12642.51,0.0182
short,568.46,583.8199892857143,537.7400214285715,562.05,2026-03-27 15:45:00-04:00,2026-03-27 09:35:00-04:00,6.41,eod_close,571.02,568.46,0.004493,10.239992857142868,569.6922270858134,0.9297576179114465,0.5579710144927883,candle_strength,2026-03-27,12,76.92,2.05,74.87,12717.39,0.0124
short,566.13,580.8771321428571,536.6357357142857,557.11,2026-03-30 15:45:00-04:00,2026-03-30 09:35:00-04:00,9.02,eod_close,568.05,566.13,0.003386,9.831421428571437,567.0202467513994,0.5784056636357844,0.9830508474576435,candle_strength,2026-03-30,12,108.24,2.04,106.2,12823.59,0.0042
long,583.3,566.6735821428571,616.5528357142857,585.06,2026-04-01 15:45:00-04:00,2026-04-01 09:36:00-04:00,1.76,eod_close,583.3,580.42,0.00495,11.084278571428579,582.0379951568443,0.6801153399145887,0.5675675675676589,candle_strength,2026-04-01,11,19.36,1.92,17.44,12841.02,0.0028
short,584.55,601.04775,551.5545,587.81,2026-04-07 15:45:00-04:00,2026-04-07 09:40:00-04:00,-3.26,eod_close,587.06,584.55,0.004285,10.998500000000003,585.4856153744707,1.022479651892934,0.9653179190750449,candle_strength,2026-04-07,11,-35.86,1.93,-37.79,12803.23,0.0058
long,606.42,588.0344035714285,643.1911928571429,609.8814,2026-04-09 15:45:00-04:00,2026-04-09 09:43:00-04:00,3.4614,eod_close,606.42,604.47,0.003221,12.257064285714291,605.590762469733,1.2683299428365855,0.7741935483871204,candle_strength,2026-04-09,10,34.61,1.82,32.79,12836.03,0.0032
short,637.49,656.0202392857143,600.4295214285714,640.1,2026-04-16 15:45:00-04:00,2026-04-16 09:36:00-04:00,-2.61,eod_close,639.58,637.49,0.003273,12.353492857142855,638.1197370284128,0.6369162108873183,0.9574468085106794,candle_strength,2026-04-16,10,-26.1,1.91,-28.01,12808.02,0.0054
long,646.27,628.5395821428572,681.7308357142856,648.28,2026-04-17 15:45:00-04:00,2026-04-17 09:51:00-04:00,2.01,eod_close,646.27,644.07,0.00341,11.82027857142856,645.4911309414556,1.4305505664787475,0.8105263157895127,candle_strength,2026-04-17,10,20.1,1.94,18.16,12826.18,0.004
long,649.09,632.3035107142857,682.6629785714287,643.05,2026-04-21 15:45:00-04:00,2026-04-21 10:00:00-04:00,-6.04,eod_close,649.09,646.0,0.004772,11.190992857142858,647.5423542188178,1.11804269249853,0.7000000000000379,candle_strength,2026-04-21,11,-66.44,2.14,-68.58,12757.6,0.0093
long,657.48,642.22875,687.9825000000001,657.88,2026-04-28 15:45:00-04:00,2026-04-28 09:35:00-04:00,0.4,eod_close,657.48,655.275,0.003359,10.167499999999986,656.4564620952199,0.5464038090426235,0.8144329896906612,candle_strength,2026-04-28,12,4.8,2.37,2.43,12760.03,0.0091
short,661.91,675.7437607142857,634.2424785714285,668.23,2026-04-30 15:45:00-04:00,2026-04-30 09:35:00-04:00,-6.32,eod_close,665.415,661.91,0.005281,9.222507142857141,663.4800449632345,0.5638775845045456,0.7238372093024068,candle_strength,2026-04-30,13,-82.16,2.58,-84.74,12675.29,0.0157
long,671.89,657.2794535714286,701.1110928571428,674.915,2026-05-01 15:45:00-04:00,2026-05-01 09:37:00-04:00,3.025,eod_close,671.89,668.8,0.00461,9.740364285714293,670.833646335973,1.1305943226451274,0.6315789473685155,candle_strength,2026-05-01,13,39.32,2.62,36.7,12711.99,0.0128
long,702.11,688.1617678571429,730.0064642857143,710.1109,2026-05-08 15:45:00-04:00,2026-05-08 09:36:00-04:00,8.0009,eod_close,702.11,699.5,0.003724,9.298821428571443,700.9456614207279,0.6691623041144455,0.9636363636363937,candle_strength,2026-05-08,13,104.01,2.74,101.27,12813.27,0.005
short,709.77,724.785375,679.7392499999999,712.23,2026-05-11 15:45:00-04:00,2026-05-11 10:29:00-04:00,-2.46,eod_close,713.5,709.77,0.005241,10.01025000000001,711.8009310298229,1.866310880715843,0.755555555555519,candle_strength,2026-05-11,12,-29.52,2.56,-32.08,12781.19,0.0075
long,716.47,701.0517678571429,747.3064642857144,720.38,2026-05-14 15:45:00-04:00,2026-05-14 09:35:00-04:00,3.91,eod_close,716.47,714.22,0.003145,10.278821428571437,715.3685475722991,0.8248107945612831,0.794520547945086,candle_strength,2026-05-14,12,46.92,2.58,44.34,12825.53,0.004
short,708.0,722.8525178571429,678.2949642857143,710.37,2026-05-15 15:45:00-04:00,2026-05-15 09:37:00-04:00,-2.37,eod_close,710.42,708.0,0.003412,9.901678571428574,709.1188329607248,0.6655893804533527,0.8957055214723477,candle_strength,2026-05-15,12,-28.44,2.55,-30.99,12794.54,0.0064
long,703.43,687.152482142857,735.9850357142858,701.45,2026-05-19 15:45:00-04:00,2026-05-19 09:36:00-04:00,-1.98,eod_close,703.43,699.81,0.005159,10.851678571428579,702.2022987272231,0.876490002429238,0.993288590604033,candle_strength,2026-05-19,11,-21.78,2.32,-24.1,12770.44,0.0083
long,719.9588,702.7695071428572,754.3373857142857,717.41,2026-05-22 15:45:00-04:00,2026-05-22 09:36:00-04:00,-2.5488,eod_close,719.9588,717.41,0.003546,11.459528571428573,719.0258829135058,0.7106399191259286,0.5762711864406191,candle_strength,2026-05-22,11,-28.04,2.38,-30.41,12740.03,0.0107
